/*
 Navicat Premium Data Transfer

 Source Server         : DBlocal
 Source Server Type    : MySQL
 Source Server Version : 100411
 Source Host           : localhost:3306
 Source Schema         : newblogs

 Target Server Type    : MySQL
 Target Server Version : 100411
 File Encoding         : 65001

 Date: 19/04/2020 00:33:04
*/

SET NAMES utf8mb4;
SET FOREIGN_KEY_CHECKS = 0;

-- ----------------------------
-- Table structure for authors
-- ----------------------------
DROP TABLE IF EXISTS `authors`;
CREATE TABLE `authors`  (
  `id` int(11) NOT NULL AUTO_INCREMENT,
  `name` varchar(255) CHARACTER SET utf8 COLLATE utf8_general_ci NULL DEFAULT NULL,
  `email` varchar(255) CHARACTER SET utf8 COLLATE utf8_general_ci NULL DEFAULT NULL,
  `password` varchar(255) CHARACTER SET utf8 COLLATE utf8_general_ci NULL DEFAULT NULL,
  `status` int(255) NULL DEFAULT NULL,
  PRIMARY KEY (`id`) USING BTREE
) ENGINE = InnoDB AUTO_INCREMENT = 4 CHARACTER SET = utf8 COLLATE = utf8_general_ci ROW_FORMAT = Dynamic;

-- ----------------------------
-- Records of authors
-- ----------------------------
INSERT INTO `authors` VALUES (1, 'Dương Xuân Dưỡng', 'duongls2ls@gmail.com', 'e99a18c428cb38d5f260853678922e03', 1);
INSERT INTO `authors` VALUES (2, 'Dương Văn A', 'duonglslata@gmail.com', 'e99a18c428cb38d5f260853678922e03', 1);

-- ----------------------------
-- Table structure for categories
-- ----------------------------
DROP TABLE IF EXISTS `categories`;
CREATE TABLE `categories`  (
  `id` int(11) NOT NULL AUTO_INCREMENT,
  `tible` varchar(255) CHARACTER SET utf8 COLLATE utf8_general_ci NULL DEFAULT NULL,
  `descripition` text CHARACTER SET utf8 COLLATE utf8_general_ci NULL,
  PRIMARY KEY (`id`) USING BTREE
) ENGINE = InnoDB AUTO_INCREMENT = 5 CHARACTER SET = utf8 COLLATE = utf8_general_ci ROW_FORMAT = Dynamic;

-- ----------------------------
-- Records of categories
-- ----------------------------
INSERT INTO `categories` VALUES (1, 'Nóng trong ngày', 'NTN');
INSERT INTO `categories` VALUES (2, 'ShowBiz', 'SB');
INSERT INTO `categories` VALUES (3, 'Người nổi tiếng', 'NNT');

-- ----------------------------
-- Table structure for posts
-- ----------------------------
DROP TABLE IF EXISTS `posts`;
CREATE TABLE `posts`  (
  `id` int(11) NOT NULL AUTO_INCREMENT,
  `title` varchar(255) CHARACTER SET utf8 COLLATE utf8_general_ci NULL DEFAULT NULL,
  `description` varchar(500) CHARACTER SET utf8 COLLATE utf8_general_ci NULL DEFAULT NULL,
  `contents` text CHARACTER SET utf8 COLLATE utf8_general_ci NULL,
  `thumbnail` varchar(255) CHARACTER SET utf8 COLLATE utf8_general_ci NULL DEFAULT NULL,
  `author_id` int(11) NULL DEFAULT NULL,
  `categories_id` int(11) NULL DEFAULT NULL,
  `status` int(11) NULL DEFAULT NULL,
  `created_at` datetime(0) NULL DEFAULT current_timestamp() ON UPDATE CURRENT_TIMESTAMP(0),
  PRIMARY KEY (`id`) USING BTREE,
  INDEX `author_id`(`author_id`) USING BTREE,
  INDEX `categories_id`(`categories_id`) USING BTREE,
  CONSTRAINT `posts_ibfk_1` FOREIGN KEY (`author_id`) REFERENCES `authors` (`id`) ON DELETE CASCADE ON UPDATE CASCADE,
  CONSTRAINT `posts_ibfk_2` FOREIGN KEY (`categories_id`) REFERENCES `categories` (`id`) ON DELETE CASCADE ON UPDATE CASCADE
) ENGINE = InnoDB AUTO_INCREMENT = 20 CHARACTER SET = utf8 COLLATE = utf8_general_ci ROW_FORMAT = Dynamic;

-- ----------------------------
-- Records of posts
-- ----------------------------
INSERT INTO `posts` VALUES (1, 'Hai buổi sáng liên tiếp, Việt Nam không ghi nhận ca mắc mới COVID-19', 'Liên tiếp trong 2 buổi sáng, Việt Nam không có thêm ca mắc mới COVID-19. Hiện tại số bệnh nhân vẫn giữ ở mức 241 trường hợp sau 12 giờ ghi nhận ca cuối cùng (18g ngày 5/4).', 'Theo bản tin phát lúc 6h sáng ngày 6/4 của Bộ Y tế, đây là buổi sáng thứ 2 liên tiếp kể từ ngày 5/4, đã không ghi nhận ca mắc COVID-19 mới ở nước ta. Đến hiện tại, tổng số ca mắc vẫn là 241 trường hợp (150 người từ nước ngoài chiếm 62,2%; 91 người lây nhiễm thứ phát trong đó 61 người thuộc ổ dịch nội địa)\r\n\r\nTrước đó, trong ngày 5/4 Việt Nam cũng đã ghi nhận thêm 1 ca mắc Covid-19 mới và 1 bệnh nhân được công bố khỏi bệnh.Ban Chỉ đạo quốc gia khuyến cáo người dân những thói quen cần thay đổi trong mùa dịch COVID-19:\r\n\r\n1. Trước gặp nhau tay bắt mặt mừng, nay gặp nhau không vồ vập, không bắt tay.\r\n\r\n2. Trước hay vô thức đưa tay lên mặt, nay không đưa tay lên mắt, mũi, miệng.\r\n\r\n3. Trước về tới nhà là sà vào người thân, nay cần thay ngay quần áo, tắm rửa.\r\n\r\n4. Trước ăn xong đánh răng là đủ, nay thêm súc họng bằng nước muối hoặc dung dịch sát khuẩn.\r\n\r\n5. Trước hay giao lưu gặp gỡ, nay không mời khách tới nhà và cũng không tới nhà người khác.\r\n\r\n6. Trước ốm đau đến ngay bệnh viện, nay gọi điện thoại trước cho nhân viên y tế để được tư vấn.\r\n\r\n7. Cuối cùng, tự giác và nhắc nhau thực hiện các quy định và khuyến cáo phòng chống dịch.Ban Chỉ đạo quốc gia khuyến cáo người dân những thói quen cần thay đổi trong mùa dịch COVID-19:\r\n\r\n1. Trước gặp nhau tay bắt mặt mừng, nay gặp nhau không vồ vập, không bắt tay.\r\n\r\n2. Trước hay vô thức đưa tay lên mặt, nay không đưa tay lên mắt, mũi, miệng.\r\n\r\n3. Trước về tới nhà là sà vào người thân, nay cần thay ngay quần áo, tắm rửa.\r\n\r\n4. Trước ăn xong đánh răng là đủ, nay thêm súc họng bằng nước muối hoặc dung dịch sát khuẩn.\r\n\r\n5. Trước hay giao lưu gặp gỡ, nay không mời khách tới nhà và cũng không tới nhà người khác.\r\n\r\n6. Trước ốm đau đến ngay bệnh viện, nay gọi điện thoại trước cho nhân viên y tế để được tư vấn.\r\n\r\n7. Cuối cùng, tự giác và nhắc nhau thực hiện các quy định và khuyến cáo phòng chống dịch. Ban Chỉ đạo quốc gia khuyến cáo người dân những thói quen cần thay đổi trong mùa dịch COVID-19:\r\n\r\n1. Trước gặp nhau tay bắt mặt mừng, nay gặp nhau không vồ vập, không bắt tay.\r\n\r\n2. Trước hay vô thức đưa tay lên mặt, nay không đưa tay lên mắt, mũi, miệng.\r\n\r\n3. Trước về tới nhà là sà vào người thân, nay cần thay ngay quần áo, tắm rửa.\r\n\r\n4. Trước ăn xong đánh răng là đủ, nay thêm súc họng bằng nước muối hoặc dung dịch sát khuẩn.\r\n\r\n5. Trước hay giao lưu gặp gỡ, nay không mời khách tới nhà và cũng không tới nhà người khác.\r\n\r\n6. Trước ốm đau đến ngay bệnh viện, nay gọi điện thoại trước cho nhân viên y tế để được tư vấn.\r\n\r\n7. Cuối cùng, tự giác và nhắc nhau thực hiện các quy định và khuyến cáo phòng chống dịch.', 'post-7.jpg', 1, 1, 1, '2020-04-19 00:27:40');
INSERT INTO `posts` VALUES (2, 'TP.HCM lấy 400 mẫu xét nghiệm/ngày tại sân bay Tân Sơn Nhất,.', 'Hoạt động này được thực hiện tại ga quốc nội sân bay Tân Sơn Nhất ngay sau khi thành phố công bố 62 chốt, trạm kiểm tra chống dịch Covid-19. Dự kiến sẽ có 1.547 người hoàn thành cách ly trong ngày 6/4.', 'Sáng 6/4, Trung tâm Kiểm soát Bệnh tật TP.HCM cho biết số ca nhiễm Covid-19 được xác định là 53, trong đó22 trường hợp đã điều trị khỏi và kết thúc theo dõi tình trạng lây nhiễm, 13 trường hợp đang còn theo dõi, được ghi nhận từ các khu cách ly tập trung.\r\n\r\nCó 18 ca có mối liên quan đến Bar Buddha từ ca chỉ điểm là bệnh nhân 91.Tổng số trường hợp nghi nhiễm tới thời điểm hiện tại là 331, trong đó có 328 trường hợp có kết quả âm tính. Tổng số trường hợp tiếp xúc với các ca bệnh mới đến ngày 05/04/2020 đang được theo dõi là 6.266 trường hợp. Về việc rà soát người nhập cảnh từ 8/3: Tổng số rà soát được là 3.720 người, đã lấy mẫu 3.708 người, đang cập nhật kết quả xét nghiệm.\r\n\r\nVề hoạt động xét nghiệm: Từ ngày 04/4/2020, thành phố triển khai hoạt động lấy mẫu xét nghiệm tại ga quốc nội Cảng hàng không Tân Sơn Nhất cho khoảng 400 hành khách/ngày. Kiiểm tra, giám sát công tác phòng chống dịch Covid-19 theo chỉ thị 16 của Thủ tướng Chính phủ tại nhà máy, xí nghiệp. Phối hợp triển khai 62 chốt kiểm dịch, thực hiện kiểm dịch người ra vào thành phố.', 'post-8.jpg', 1, 1, 1, '2020-04-19 00:28:01');
INSERT INTO `posts` VALUES (3, 'Song Joong Ki và Song Hye Kyo bỗng lên top 1 Naver sáng nay vì tin phá nhà tân hôn.', 'Căn nhà tân hôn của Song Joong Ki và Song Hye Kyo hiện đã bị tháo dỡ.', 'Theo tin tức độc quyền từ SBS FunE thông qua hãng truyền thông Hồng Kông South China Morning Post (SCMP), căn biệt thự tân hôn ở Itaewon, Seoul của cặp đôi Song Joong Ki và Song Hye Kyo đã bị phá dỡ từ tháng trước. Sau khi phá bỏ, công trình mới sẽ được xây lên và dự kiến hoàn thành vào tháng 6/2021. Tin tức hiện đang thu hút sự chú ý lớn từ dư luận Hàn Quốc khi bài báo đưa tin về việc phá dỡ và cải tiến căn nhà của Song Song đã lên top 1 Naver vào sáng hôm nay (06/4). Nguồn tin này cũng cho hay, sau khi xây dựng và cải tiến, ngôi nhà mới dự kiến sẽ có 5 tầng với 3 tầng chính và 2 tầng hầm. Được biết, giấy phép phá bỏ và xây dựng ngôi nhà mới đã được phê duyệt trước đó, tuy nhiên việc xây dựng chỉ mới bắt đầu gần đây. Sự chậm trễ này có thể là do việc phân chia tài sản giữa Song Joong Ki và Song Hye Kyo vẫn chưa hoàn thành. Ngôi nhà tân hôn vốn là bất động sản do Song Joong Ki mua vào tháng 11/2016 trước khi kết hôn với giá 10 tỷ won (khoảng 200 tỷ đồng). Sau khi Song - Song tổ chức đám cưới vào tháng 10/2017, căn biệt thự trở thành tổ ấm của cặp đôi. Tuy nhiên chỉ chưa đầy 2 năm chung sống cùng nhau, cả hai đã \"đường ai nấy đi\". Sau khi ly hôn, bất động sản này vẫn thuộc quyền sở hữu của Song Joong Ki.', 'post-9.jpg', 2, 3, 1, '2020-04-19 00:28:54');
INSERT INTO `posts` VALUES (4, 'Ronaldo thách fan vượt qua thành tích gập bụng của bản thân và cái kết.', 'Siêu sao người Bồ Đào Nha gửi tới fan lời thách thức gập bụng thông qua tài khoản mạng xã hội.', '\"Xin chào, tôi có một thử thách mới để các bạn năng động hơn khi ở nhà: the Living Room Cup. Bạn có thể bước lên và đánh bại thành tích gập bụng của tôi không? Hãy cho tôi xem những gì bạn có thể làm được bằng cách sử dụng hashtag #livingroomcup #playinside\", Cristiano Ronaldo để lại lời nhắn trên trang cá nhân.\r\n\r\nCùng với lời thách thức, Ronaldo đăng tải video thực hiện màn gập bụng của bản thân. Với nền tảng thể lực sung mãn cùng các múi cơ săn chắc, CR7 dễ dàng hoàn thành 142 lượt gập bụng nhanh trong 45 giây. \"Xin chào, tôi có một thử thách mới để các bạn năng động hơn khi ở nhà: the Living Room Cup. Bạn có thể bước lên và đánh bại thành tích gập bụng của tôi không? Hãy cho tôi xem những gì bạn có thể làm được bằng cách sử dụng hashtag #livingroomcup #playinside\", Cristiano Ronaldo để lại lời nhắn trên trang cá nhân.\r\n\r\nCùng với lời thách thức, Ronaldo đăng tải video thực hiện màn gập bụng của bản thân. Với nền tảng thể lực sung mãn cùng các múi cơ săn chắc, CR7 dễ dàng hoàn thành 142 lượt gập bụng nhanh trong 45 giây.\r\n\r\nMàn gập bụng ấn tượng của Cristiano Ronaldo\r\n\r\nThử thách của Ronaldo lập tức nhận được sự hưởng ứng nhiệt tình. Chỉ trong vòng vài tiếng sau khi đăng tải, bài viết của siêu sao người Bồ Đào Nha nhận hàng triệu lượt thích và hơn 50.000 lượt đáp lời.\r\n\r\nTrong số những người chấp nhận thách thức sớm nhất, đáng chú ý xuất hiện 2 đồng hương với Ronaldo và cùng đang khoác áo Manchester United, Bruno Fernandes và Diogo Dalot. Nhưng cuối cùng, cả hai đều phải nhận kết cục thất bại.\r\n\r\nDù trẻ hơn Ronaldo cả chục tuổi, Bruno và Diogo đều chỉ lần lượt hoàn thành \"bài thi\" của mình với 117 và 105 lần. Với những cầu thủ ăn tập chuyên nghiệp đã vậy, thử hỏi là một fan thông thường, bạn có thể thực hiện được bao nhiêu lần?\r\n\r\nCũng như nhiều ngôi sao thể thao khác, Ronaldo hưởng ứng lời kêu gọi \"ở nhà\" để giảm thiểu nguy cơ lây lan dịch Covid-19. CR7 hiện cùng gia đình cách ly tại quê nhà Madeira. Tính đến 10h ngày 6/4, Bồ Đào Nha ghi nhận 11.278 ca dương tính và 295 người thiệt mạng.', 'post-10.jpg', 1, 3, 1, '2020-04-19 00:29:12');
INSERT INTO `posts` VALUES (5, 'Quyền Linh đăng ảnh ngày ấy bây giờ sinh nhật con gái lớn: Mới 14 tuổi đã cao hơn bố.', 'Bé Lọ Lem - con gái lớn nhà Quyền Linh tiếp tục được khen hết lời bởi nhan sắc xinh xắn, có tố chất là Hoa hậu tương lai của Vbiz.', 'Con gái lớn nhà MC Quyền Linh - bé Lọ Lem vốn là một trong những ái nữ được khán giả dành sự quan tâm đặc biệt bởi vẻ ngoài vô cùng xinh đẹp. Bé Lọ Lem tên thật là Thảo Linh, sinh năm 2005 và sở hữu chiều cao vượt trội 1m70. Thông qua những hình ảnh đời thường của bé được vợ chồng Quyền Linh đăng tải lên mạng xã hội thường xuyên có thể nói, Lọ Lem hứa hẹn sẽ là đối thủ đáng gờm nếu tham gia bất kì đấu trường hoa hậu nào trong tương lai. Mới đây, nhân dịp con gái bước sang tuổi 14, MC Quyền Linh đã đăng tải hình ảnh ngày ấy - bây giờ của bé để mừng sinh nhật. Có thể thấy, ngay từ khi còn nhỏ, Lọ Lem đã sở hữu nhiều nét xinh xắn, dễ thương và gương mặt khá bụ bẫm. Cho tới hiện tại, cô bé càng gây ấn tượng bởi vẻ ngoài cuốn hút và chiều cao nổi trội. Trong bức ảnh được Quyền Linh chia sẻ, bé Lọ Lem khi lên đồ lộng lẫy và mang giày cao gót còn cao hơn cả bố. Với ngoại hình luôn chiếm spotlight như thế này, ai nấy đều phải tấm tắc công nhận một điều: \"Khí chất hoa hậu là có thật!\".', 'post-12.jpg', 1, 2, 1, '2020-04-19 00:29:24');
INSERT INTO `posts` VALUES (6, 'Fan Việt ủng hộ Văn Hậu trở về Hà Nội FC sau một năm du học tại trời Âu', 'Cuộc khảo sát mới đây ở Hà Lan cho kết quả 79% CĐV SC Heerenveen không muốn giữ Văn Hậu ở lại. Đông đảo fan hâm mộ Việt Nam lập tức \"giận dữ\", kêu gọi Văn Hậu trở về nước để được đá chính nhiều hơn.', 'Mới đây, một cuộc bình chọn do Fean Online tạo ra với mục đích khảo sát ý kiến của các CĐV SC Heerenveen về việc CLB có nên tiếp tục gia hạn với thương vụ hậu vệ Đoàn Văn Hậu. Kết quả công bố rất bất ngờ khi có tới 79% CĐV đội bóng Hà Lan không muốn giữ Văn Hậu ở lại.\r\n\r\nLập tức, trên các diễn đàn, fanpage bóng đá, fan hâm mộ Việt Nam lên tiếng kêu gọi và ủng hộ Văn Hậu trở về thi đấu tại V.League: \"Về nước mà được ra sân nhiều hơn cũng tốt hơn mà\", \"Về Hà Nội thôi Hậu ơi\",... Cũng không ít người tỏ ra đồng cảm với CĐV SC Heerenveen và cho rằng Văn Hậu chưa đáp ứng đủ tiêu chuẩn để chơi bóng tại Hà Lan. Bên cạnh đó, có ý kiến Văn Hậu sang châu Âu chỉ là hợp đồng thương mại, thực chất sẽ hợp với Thái Lan hoặc Nhật Bản hơn.\r\n\r\nSau đó, một cuộc khảo sát ý kiến của fan hâm mộ Việt Nam về việc Văn Hậu nên tiếp tục ở lại Hà Lan hay quay trở lại Việt Nam. Và không nằm ngoài dự đoán, có đến 60% fan hâm mộ bày tỏ ý kiến muốn Văn Hậu trở về quê hương. Kể từ khi sang Hà Lan vào tháng 9/2019, Văn Hậu mới chỉ có vỏn vẹn 4 phút ra sân cho đội một trong trận đấu tại Cúp Quốc gia Hà Lan. Mặc dù chưa đóng góp nhiều về chuyên môn khi Văn Hậu chủ yếu dự bị và thi đấu cho Jong Heerenveen, nhưng anh đã góp phần giúp quảng bá hình ảnh của đội bóng Hà Lan đến với đông đảo người hâm mộ Việt Nam. Bởi lẽ trước khi đến với SC Heerenveen, Văn Hậu đã là ngôi sao trẻ được yêu thích tại đất nước hình chữ S.\r\n\r\nTừ một đội bóng tầm trung của giải VĐQG Hà Lan, khi Đoàn Văn Hậu xuất hiện đã kéo theo một lượng fan hâm mộ hùng hậu. Fanpage chính thức của SC Heerenveen chỉ trong vòng vài ngày lượng người theo dõi đã tăng đột biến từ hơn 20k lên đến hơn 300k lượt like. Điều này khiến truyền thông Hà Lan phải ngạc nhiên trước sức hút của chàng hậu vệ quê Thái Bình. ', 'post-13.png', 2, 3, 1, '2020-04-19 00:29:32');
INSERT INTO `posts` VALUES (7, 'Học gấp hội bạn thân Vbiz chăm nhau mùa dịch: Tóc Tiên gửi ', 'Không thể họp hội vui chơi như ngày thường, hội bạn thân Vbiz ở nhà nhưng vẫn dành sự quan tâm cho nhau, đặc biệt nhất là hội bạn của Ngô Kiến Huy.', 'Những ngày vừa qua, để thực hiện nghiêm lệch cách ly xã hội, nhiều sao Vbiz đã quyết nêu cao tinh thần ở nhà vì cộng đồng. Nhiều hội bạn cứ vài hôm là hẹn hò nhau vui chơi nay cũng chuyển sang hình thức mới để vun đắp tình cảm và thể hiện sự quan tâm nhau giữa mùa dịch. Cũng nhân dịp người người nhà nhà thi nhau vào bếp, sao Việt cũng tranh thủ gửi tặng bạn bè những món ngon để chứng minh tài năng cũng như bồi bổ cho bạn giữa thời điểm nhạy cảm của dịch bệnh. Chưa kể, không còn được hàng quán, dạo phố như trước, nhiều đôi bạn thân cũng rủ rê nhau tập thể thao để nâng cao sức khoẻ mùa dịch.\r\n\r\nTóc Tiên như cô \"Tấm\", ngày ngày dậy sớm để lên thực đơn nấu món ngon gửi từng nhà. Không còn những cuộc tán gẫu cafe, hội bạn nay có niềm đam mê chung là trao đổi công thức nấu ăn.', 'post-14.jpg', 2, 2, 1, '2020-04-19 00:29:41');
INSERT INTO `posts` VALUES (8, 'Sự nghiệp của 4 nữ hoàng cảnh nóng phim Hàn: Son Ye Jin xứng danh quốc bảo.', 'Từng nổi đình đám với danh xưng nữ hoàng cảnh nóng, 4 diễn viên này hiện nay đã tạo dựng được cho mình chỗ đứng vững chắc trong nghề.', 'Điện ảnh Hàn đã sản sinh ra nhiều tác phẩm danh tiếng, nhiều diễn viên tài năng và thực lực. Song, mỗi người mỗi cảnh, con đường đi đến thành công cũng khác nhau. Có những diễn viên vừa mới vào nghề đã thành công nhanh chóng, được người người ngưỡng mộ, cũng có người lận đận với nghề, liên tục phải tìm hình ảnh đổi mới mình. Những cái tên sau đây cũng không ngoại lệ, họ giờ đây đều thành công với nghề diễn viên nhưng sự nghiệp trước đây lại gắn liền với những cảnh quay nóng bỏng, đầy ắp cảnh ân ái làm người xem phải ngượng chín mặt. ', 'post-15.png', 2, 3, 1, '2020-04-19 00:30:00');
INSERT INTO `posts` VALUES (9, 'Cộng đồng PUBG dậy sóng với nghi vấn nhờ con trai thi đấu tại giải dành riêng cho nữ', 'Sau 2 ngày tranh tài, The 1st PUBG Female Vietnam Championship đã chính thức khép lại với chức vô địch thuộc về các cô gái Valkyrie Esports. Nhưng dư âm của giải đấu thì vẫn còn chưa kết thúc.', 'Mới đây, giải đấu PUBG dành riêng cho nữ có tên gọi The 1st PUBG Female Vietnam Championship được tổ chức trong 2 ngày 3-4/4 với tiền thưởng lên tới 48 triệu đồng. Sau 2 ngày thi đấu, Valkyrie Esports lên ngôi vô địch với 124 điểm. Tưởng rằng giải đấu sẽ kết thúc êm đềm nhưng không. Một số cô nàng cho hay xuất hiện tình trạng trá hình, thi đấu hộ. Cụ thể, cái tên được nghi vấn là tay chơi của Lakawi House, đội xếp vị trí thứ 2 trên BXH. Trong round đấu thứ 2, các cô gái chơi xuất sắc khi có tới 18 điểm hạ gục. Trong đó, Choufun có riêng cho mình 9 mạng. Với việc giải đấu diễn ra với thể thức online, các cô gái phải thi đấu với camera phát trực tiếp thao tác tay. Nhưng Choufun \"lách luật\" với việc để camera sát người, không thấy rõ thao tác tay cũng như khuôn mặt.\r\n\r\nMột tuyển thủ nữ khác có mặt trong giải đấu cho biết: \"Trước đó bạn Châu đã có phốt nhờ người bắn hộ nên sau round 2 bạn ấy bị nhiều đội báo cáo. Vì vậy, BTC yêu cầu Choufun để lộ tay thi đấu. Sau game đó, Chou nói rằng bị tâm lý nên không bắn được. Tới ngày thi đấu thứ 2, Choufun đã không được ra sân thi đấu\".', 'post-16.jpg', 2, 3, 1, '2020-04-19 00:30:12');
INSERT INTO `posts` VALUES (10, 'Truyền thông quốc tế tán dương công tác chống đại dịch Covid-19 của Việt Nam.', 'Tuy có nguồn lực hạn chế nhưng bằng sự chủ động, quyết liệt trong công tác chống dịch Covid-19, Việt Nam đã khiến cộng đồng quốc tế phải ngạc nhiên và dành nhiều lời khen tặng.', 'Trích câu hỏi trong bài viết của nhà báo Sean Fleming, đăng tải trên Diễn đàn kinh tế thế giới WEF ngày 30/3: \"Làm thế nào để một quốc gia với nguồn lực hạn chế có thể đối mặt với một đại dịch toàn cầu - thứ đã làm quá tải hệ thống y tế của nhiều nước phát triển trên thế giới?\"\r\n\r\nThoạt đầu mới nghe, ai cũng sẽ nghĩ rằng Việt Nam, giống như các quốc gia đang phát triển khác sẽ phải chịu sự tàn phá của dịch bệnh. Nhưng, Việt Nam đã chứng minh điều ngược lại, cho cả thế giới thấy một quốc gia có thể làm được những gì, kể cả khi nguồn lực hạn chế.\r\n\r\nBằng việc tập trung vào các biện pháp nằm trong tầm kiểm soát, Việt Nam đã nhận được sự tán dương từ truyền thông quốc tế.\r\n\r\nTờ Financial Times của Anh nói gì về công tác chống dịch Covid-19 của Việt Nam?\r\nBắt đầu từ cuối tháng 1/2020, trong khi hàng chục triệu người dân Việt đang ăn mừng Tết Nguyên đán thì Chính phủ Việt Nam đã bắt tay vào hành động. Trước nguy cơ lây lan của một căn bệnh lạ đang hoành hành tại biên giới nước láng giềng Trung Quốc, Thủ tướng Nguyễn Xuân Phúc đã có mặt tại một cuộc họp của Chính phủ và tuyên bố chống dịch bệnh viêm phổi cấp do chủng mới của virus corona gây ra, sau này được biết tới với cái tên Covid-19.\r\n\r\n\"Chống dịch như chống giặc!\" - trích lời của Thủ tướng Nguyễn Xuân Phúc.', 'post-17.jpg', 1, 1, 1, '2020-04-19 00:30:22');
INSERT INTO `posts` VALUES (11, 'Hà Nội: Phát hiện thêm 1 trường hợp dương tính SARS-CoV-2 trở về từ Nga.', 'Bệnh nhân 35 tuổi, ở Cẩm Quang, huyện Cẩm Xuyên, Hà Tĩnh, trở về từ Nga ngày 25/3, hiện đang được cách ly tại khu Ký túc xá của ĐH FPT (KCN Láng Hòa Lạc, Hà Nội). Trường hợp này xét nghiệm lần đầu âm tính, nhưng lấy mẫu lần hai dương tính.', 'Ngày 5/4, Trung tâm Kiểm soát Bệnh tật CDC Hà Nội xét nghiệm sàng lọc các trường hợp trên chuyến bay từ Moscow (Nga) về Hà Nội ngày 25/3, phát hiện 1 trường hợp (35 tuổi, ở Cẩm Quang, huyện Cẩm Xuyên, Hà Tĩnh), đang cách ly tại khu Ký túc xá của ĐH FPT dương tính với SARS-CoV-2.\r\n\r\nBệnh nhân này xét nghiệm lần đầu âm tính, nhưng lấy mẫu lần hai dương tính. Trước đó, CDC Hà Nội cũng đã báo cáo một trường hợp là bệnh nhân 47 tuổi, ở Mê Linh, đi khám tại Khoa miễn dịch dị ứng của Bệnh viện Bạch Mai từ ngày 12/3. Ngày 4/4, trung tâm y tế huyện lấy mẫu và gửi CDC xét nghiệm, ngày hôm nay có kết quả dương tính.', 'post-18.jpg', 1, 1, 1, '2020-04-19 00:30:33');
INSERT INTO `posts` VALUES (12, 'Loạt án mạng tại đường phượt Tà Năng Phan Dũng được đưa lên màn ảnh rộng,.', 'Tà Năng Phan Dũng là phim điện ảnh Việt Nam đầu tiên khai thác đề tài cuộc chiến sinh tồn lấy bối cảnh tại một cung đường nổi tiếng của Việt Nam.\r\n', 'Với những phượt thủ chính hiệu thì Tà Năng Phan Dũng đã là một cung đường quá quen thuộc. Cảnh quan hùng vĩ, thách thức những con người ưa mạo hiểm khiến nơi đây trở thành một trong những địa điểm được nhiều phượt thủ miền Nam rỉ tai nhau là “cung đường nhất định phải đi”. Tuy nhiên năm 2018, tại đây đã xảy ra một vụ tai nạn khá tang thương mà nạn nhân được cho là một phượt thủ đi du lịch một mình. Tháng tư năm ngoái, tiếp tục có thêm một phượt thủ bỏ mạng ở đây khiến Tà Năng Phan Dũng bất đắc dĩ càng trở nên nổi tiếng hơn. Thậm chí sắp tới đây cung đường này còn có dịp trở thành nguồn cảm hứng cho một tác phẩm điện ảnh về đề tài sinh tồn mang tên Tà Năng Phan Dũng.', 'post-19.jpg', 1, 1, 1, '2020-04-19 00:30:43');
INSERT INTO `posts` VALUES (13, 'Hà Nội: Phát hiện thêm 1 trường hợp dương tính SARS-CoV-2 trở về từ Nga.', 'Bệnh nhân 35 tuổi, ở Cẩm Quang, huyện Cẩm Xuyên, Hà Tĩnh, trở về từ Nga ngày 25/3, hiện đang được cách ly tại khu Ký túc xá của ĐH FPT (KCN Láng Hòa Lạc, Hà Nội). Trường hợp này xét nghiệm lần đầu âm tính, nhưng lấy mẫu lần hai dương tính.', 'Ngày 5/4, Trung tâm Kiểm soát Bệnh tật CDC Hà Nội xét nghiệm sàng lọc các trường hợp trên chuyến bay từ Moscow (Nga) về Hà Nội ngày 25/3, phát hiện 1 trường hợp (35 tuổi, ở Cẩm Quang, huyện Cẩm Xuyên, Hà Tĩnh), đang cách ly tại khu Ký túc xá của ĐH FPT dương tính với SARS-CoV-2.\r\n\r\nBệnh nhân này xét nghiệm lần đầu âm tính, nhưng lấy mẫu lần hai dương tính. Trước đó, CDC Hà Nội cũng đã báo cáo một trường hợp là bệnh nhân 47 tuổi, ở Mê Linh, đi khám tại Khoa miễn dịch dị ứng của Bệnh viện Bạch Mai từ ngày 12/3. Ngày 4/4, trung tâm y tế huyện lấy mẫu và gửi CDC xét nghiệm, ngày hôm nay có kết quả dương tính.', 'post-18.jpg', 1, 1, 1, '2020-04-19 00:30:47');
INSERT INTO `posts` VALUES (14, 'Loạt án mạng tại đường phượt Tà Năng Phan Dũng được đưa lên màn ảnh rộng.', 'Tà Năng Phan Dũng là phim điện ảnh Việt Nam đầu tiên khai thác đề tài cuộc chiến sinh tồn lấy bối cảnh tại một cung đường nổi tiếng của Việt Nam.\r\n', 'Với những phượt thủ chính hiệu thì Tà Năng Phan Dũng đã là một cung đường quá quen thuộc. Cảnh quan hùng vĩ, thách thức những con người ưa mạo hiểm khiến nơi đây trở thành một trong những địa điểm được nhiều phượt thủ miền Nam rỉ tai nhau là “cung đường nhất định phải đi”. Tuy nhiên năm 2018, tại đây đã xảy ra một vụ tai nạn khá tang thương mà nạn nhân được cho là một phượt thủ đi du lịch một mình. Tháng tư năm ngoái, tiếp tục có thêm một phượt thủ bỏ mạng ở đây khiến Tà Năng Phan Dũng bất đắc dĩ càng trở nên nổi tiếng hơn. Thậm chí sắp tới đây cung đường này còn có dịp trở thành nguồn cảm hứng cho một tác phẩm điện ảnh về đề tài sinh tồn mang tên Tà Năng Phan Dũng.', 'post-19.jpg', 1, 1, 1, '2020-04-19 00:30:51');
INSERT INTO `posts` VALUES (15, 'TP.HCM lấy 400 mẫu xét nghiệm/ngày tại sân bay Tân Sơn Nhất.', 'Hoạt động này được thực hiện tại ga quốc nội sân bay Tân Sơn Nhất ngay sau khi thành phố công bố 62 chốt, trạm kiểm tra chống dịch Covid-19. Dự kiến sẽ có 1.547 người hoàn thành cách ly trong ngày 6/4.', 'Sáng 6/4, Trung tâm Kiểm soát Bệnh tật TP.HCM cho biết số ca nhiễm Covid-19 được xác định là 53, trong đó22 trường hợp đã điều trị khỏi và kết thúc theo dõi tình trạng lây nhiễm, 13 trường hợp đang còn theo dõi, được ghi nhận từ các khu cách ly tập trung.\r\n\r\nCó 18 ca có mối liên quan đến Bar Buddha từ ca chỉ điểm là bệnh nhân 91.Tổng số trường hợp nghi nhiễm tới thời điểm hiện tại là 331, trong đó có 328 trường hợp có kết quả âm tính. Tổng số trường hợp tiếp xúc với các ca bệnh mới đến ngày 05/04/2020 đang được theo dõi là 6.266 trường hợp. Về việc rà soát người nhập cảnh từ 8/3: Tổng số rà soát được là 3.720 người, đã lấy mẫu 3.708 người, đang cập nhật kết quả xét nghiệm.\r\n\r\nVề hoạt động xét nghiệm: Từ ngày 04/4/2020, thành phố triển khai hoạt động lấy mẫu xét nghiệm tại ga quốc nội Cảng hàng không Tân Sơn Nhất cho khoảng 400 hành khách/ngày. Kiiểm tra, giám sát công tác phòng chống dịch Covid-19 theo chỉ thị 16 của Thủ tướng Chính phủ tại nhà máy, xí nghiệp. Phối hợp triển khai 62 chốt kiểm dịch, thực hiện kiểm dịch người ra vào thành phố.', 'post-20.jpg', 1, 1, 1, '2020-04-19 00:31:00');
INSERT INTO `posts` VALUES (16, 'abc', 'xyz', 'abc', 'post-12.jpg', 2, 2, 1, '2020-04-19 00:32:05');

SET FOREIGN_KEY_CHECKS = 1;
